AWL IN Equity,ret_1m,ret_3m,mom_12m,vol_3m,vol_6m,vol_z,vol_trend,ey_z,bm_z,mc_z,rev_6m,mom_vol_adj,value_mom,liquidity_adj_mom,R
2026-02-28,-1.4317239462414872,-2.480213219251415,-0.5787998656327589,-1.3004522724537193,0.31970415704086363,-0.5145569014025203,-1.562082035850151,0.807994611882329,-0.8325484491299944,-1.7764799407040952,-2.468046954636521,-0.17563182802431862,-1.7903341654203508,0.5443571249541577,-0.05382928025208751
