DATAPATT IN Equity,ret_1m,ret_3m,mom_12m,vol_3m,vol_6m,vol_z,vol_trend,ey_z,bm_z,mc_z,rev_6m,mom_vol_adj,value_mom,liquidity_adj_mom,R
2026-02-28,1.0433154642129687,0.11614196217759867,2.842712859333026,0.23388525691241877,-0.8070960263577727,-0.1135212412508415,-0.030500642607148062,-0.5465841188335925,1.2317836816660301,0.7123230026238658,0.6328619299739814,4.1649495745746,2.814001261858867,0.059538133001184254,0.050447194847928846
